{"IcoMoonType":"selection","icons":[{"icon":{"paths":["M736 448l-256 256-256-256h160v-384h192v384zM480 704h-480v256h960v-256h-480zM896 832h-128v-64h128v64z"],"tags":["download","save","store"],"defaultCode":59847,"grid":16,"attrs":[]},"attrs":[],"properties":{"ligatures":"download3, save5","name":"download3","order":4,"id":200,"prevSize":32,"code":59847},"setIdx":0,"setId":1,"iconIdx":199},{"icon":{"paths":["M755.188 64c-107.63 0-200.258 87.554-243.164 179-42.938-91.444-135.578-179-243.216-179-148.382 0-268.808 120.44-268.808 268.832 0 301.846 304.5 380.994 512.022 679.418 196.154-296.576 511.978-387.206 511.978-679.418 0-148.392-120.43-268.832-268.812-268.832z"],"tags":["heart","like","love","favorite"],"defaultCode":59866,"grid":16,"attrs":[]},"attrs":[],"properties":{"ligatures":"heart, like","name":"heart","order":3,"id":219,"prevSize":32,"code":59866},"setIdx":0,"setId":1,"iconIdx":218}],"height":1024,"metadata":{"name":"icomoon"},"preferences":{"showGlyphs":true,"showQuickUse":true,"showQuickUse2":true,"showSVGs":true,"fontPref":{"prefix":"icon-","metadata":{"fontFamily":"icomoon","majorVersion":1,"minorVersion":0},"metrics":{"emSize":1024,"baseline":6.25,"whitespace":50},"embed":false},"imagePref":{"prefix":"icon-","png":true,"useClassSelector":true,"color":0,"bgColor":16777215,"classSelector":".icon"},"historySize":50,"showCodes":true,"gridSize":16}}